Roll No,Name,Gender,Phone,Email,Address,Password,Work Experience
T001,Arvind Kumar,Male,9876543210,arvind.kumar@gmail.com,Chennai TN,Pass@123,5 years
T002,Priya Sharma,Female,9123456780,priya.sharma@gmail.com,Bengaluru KA,Priya@456,7 years
T003,Ramesh Iyer,Male,9988776655,ramesh.iyer@gmail.com,Coimbatore TN,Ram#789,10 years
T004,Sneha Nair,Female,9012345678,sneha.nair@gmail.com,Kochi KL,Sneha@321,4 years
T005,Vikram Singh,Male,9345678901,vikram.singh@gmail.com,Jaipur RJ,Vikram@22,8 years
T006,Anjali Mehta,Female,9456789012,anjali.mehta@gmail.com,Mumbai MH,Anj@555,6 years
T007,Karthik Reddy,Male,9567890123,karthik.reddy@gmail.com,Hyderabad TS,Kart@111,9 years
T008,Divya Patel,Female,9678901234,divya.patel@gmail.com,Ahmedabad GJ,Divya@999,3 years
T009,Sunil Joshi,Male,9789012345,sunil.joshi@gmail.com,Pune MH,Sunil@444,12 years
T010,Meera Krishnan,Female,9890123456,meera.krishnan@gmail.com,Trivandrum KL,Meera@777,5 years
T011,Rajesh Gupta,Male,9901234567,rajesh.gupta@gmail.com,Delhi DL,Raj@888,11 years
T012,Shalini Rao,Female,9812345670,shalini.rao@gmail.com,Mysuru KA,Shal@222,6 years
T013,Manoj Verma,Male,9723456781,manoj.verma@gmail.com,Lucknow UP,Manoj@333,7 years
T014,Kavya Menon,Female,9634567892,kavya.menon@gmail.com,Thrissur KL,Kavya@444,4 years
T015,Ajay Deshmukh,Male,9545678903,ajay.deshmukh@gmail.com,Nagpur MH,Ajay@555,9 years
T016,Neha Kapoor,Female,9456789014,neha.kapoor@gmail.com,Chandigarh PB,Neha@666,8 years
T017,Suresh Babu,Male,9367890125,suresh.babu@gmail.com,Madurai TN,Sur@777,10 years
T018,Pooja Agarwal,Female,9278901236,pooja.agarwal@gmail.com,Kolkata WB,Pooja@888,5 years
T019,Deepak Mishra,Male,9189012347,deepak.mishra@gmail.com,Varanasi UP,Deepak@99,6 years
T020,Ritu Chawla,Female,9090123458,ritu.chawla@gmail.com,Gurgaon HR,Ritu@123,7 years
